Task Name,Description,Status,Priority,Estimate,Tags,Dependencies,Acceptance Criteria
Discovery: confirm multi-organization requirements,"Confirm expected owner/admin/manager behavior across multiple companies, separate views, combined views, permissions, billing/account assumptions, and audit expectations.",To Do,High,4h,"multi-org,product,discovery",,"Approved product notes covering org switcher, combined timeline, roles, and permission rules."
Discovery: confirm live Activities display requirements,"Confirm projector/big-screen use case, refresh expectations, update frequency, data freshness, visible indicators, and whether polling is acceptable for phase 1.",To Do,High,3h,"activities,realtime,product,discovery",,"Approved product notes covering refresh method, target latency, and live display UX."
Technical design: multi-organization access model,"Design database and auth changes for users who can belong to multiple organizations with per-org roles such as owner, admin, manager, and employee.",To Do,Urgent,1d,"multi-org,backend,architecture","Discovery: confirm multi-organization requirements","Design document includes schema, JWT/session behavior, migration strategy, and backward compatibility plan."
Technical design: combined organization reporting,"Design how cross-org dashboards and activity timelines should query, aggregate, authorize, color-code, and filter data.",To Do,High,1d,"multi-org,analytics,architecture","Technical design: multi-organization access model","Design covers API shape, response fields, org metadata, filters, and performance considerations."
Technical design: real-time Activities updates,"Choose phase 1 and phase 2 architecture for live timeline updates: polling first or WebSocket/SSE push later.",To Do,High,1d,"activities,realtime,architecture","Discovery: confirm live Activities display requirements","Design includes update frequency, backend load impact, frontend state handling, and failure states."
Database: add organization membership table,"Create migration for user_organization_memberships with user_id, organization_id, role, status, timestamps, and constraints.",To Do,Urgent,1d,"multi-org,database","Technical design: multi-organization access model","Migration applies cleanly and supports one user across multiple organizations."
Database: migrate existing users into memberships,"Backfill all existing users into user_organization_memberships based on users.organization_id and role.",To Do,Urgent,1d,"multi-org,database,migration","Database: add organization membership table","Existing accounts continue working after migration."
Backend: update auth login for multiple organizations,"Modify login/me responses so users with multiple memberships can receive available organizations and an active organization context.",To Do,Urgent,2d,"multi-org,backend,auth","Database: migrate existing users into memberships","Login returns organizations list and active org without breaking existing clients."
Backend: add organization switch endpoint,"Add endpoint to switch active organization and issue/update token/session for the selected authorized organization.",To Do,High,1d,"multi-org,backend,auth","Backend: update auth login for multiple organizations","User can switch only to organizations where they have active membership."
Backend: add create organization for existing owner/admin,"Allow an existing authorized user to create another organization and become owner/admin of it.",To Do,High,2d,"multi-org,backend,organizations","Backend: update auth login for multiple organizations","Existing user can create Career Guide and Styling Minds style separate orgs under one account."
Backend: update authorization middleware for memberships,"Ensure protected APIs validate the active org against membership instead of assuming users.organization_id only.",To Do,Urgent,2d,"multi-org,backend,security","Backend: add organization switch endpoint","Unauthorized org access is rejected consistently across web APIs."
Backend: update org-scoped service queries,"Audit and update services that use auth.OrganizationID so they remain correctly scoped under the active organization.",To Do,High,2d,"multi-org,backend,security","Backend: update authorization middleware for memberships","Teams, invites, attendance, screenshots, recordings, settings, usage, and live views remain org-isolated."
Frontend: add organization switcher to dashboard shell,"Add a visible org switcher in the dashboard layout with current company name and available companies.",To Do,High,1d,"multi-org,frontend,ux","Backend: add organization switch endpoint","User can switch between companies without signing out."
Frontend: update AuthContext for multiple organizations,"Store organizations list, active organization, and switch organization action in AuthContext.",To Do,High,1d,"multi-org,frontend,auth","Backend: update auth login for multiple organizations","Frontend session restore correctly loads multi-org state."
Frontend: add create organization flow,"Add UI flow for an authorized user to create another organization from the dashboard.",To Do,Medium,1d,"multi-org,frontend,organizations","Backend: add create organization for existing owner/admin","User can create a new company and switch into it."
Backend: combined activity timeline API,"Add endpoint or query mode to return timeline data across selected authorized organizations.",To Do,High,2d,"multi-org,activities,backend","Technical design: combined organization reporting","API returns employees with organizationId, organizationName, and organization color metadata."
Frontend: combined activity timeline filters,"Add Activities page filter for current organization vs selected organizations vs all organizations.",To Do,High,1d,"multi-org,activities,frontend","Backend: combined activity timeline API","User can view separate or combined timelines."
Frontend: company color coding on timeline,"Render combined activity timelines with clear company labels/colors and sorting/grouping options.",To Do,Medium,1d,"multi-org,activities,frontend","Frontend: combined activity timeline filters","Employees from different companies are visually distinguishable on the Activities page."
Backend: polling-friendly activity timeline performance,"Review indexes and query shape for frequent timeline refreshes over the current day.",To Do,High,1d,"activities,realtime,backend,performance","Technical design: real-time Activities updates","Timeline endpoint can support periodic refresh without excessive database load."
Frontend: auto-refresh Activities page,"Add automatic refresh to Activities page, likely every 15-30 seconds, without losing selected date/window/scroll state.",To Do,High,1d,"activities,realtime,frontend","Backend: polling-friendly activity timeline performance","Projector screen updates without manual refresh and preserves user view state."
Frontend: live mode indicator and controls,"Add live status indicator, last updated time, pause/resume refresh, and manual refresh action on Activities page.",To Do,Medium,1d,"activities,realtime,frontend","Frontend: auto-refresh Activities page","User can see whether the board is live and when data last refreshed."
Frontend: big-screen display mode,"Create projector-friendly mode for Activities page with dense timeline rows, larger labels, and reduced controls.",To Do,Medium,2d,"activities,frontend,ux","Frontend: auto-refresh Activities page","Activities page can be used on a large display without manual interaction."
Backend: WebSocket/SSE live activity event design,"Design event contract for pushing activity/session/usage updates to dashboards in near real time.",To Do,Medium,1d,"activities,realtime,backend,architecture","Frontend: auto-refresh Activities page","Event schema and auth model are documented."
Backend: implement live activity push channel,"Implement WebSocket or SSE channel for activity timeline events if phase 2 is approved.",To Do,Medium,3d,"activities,realtime,backend","Backend: WebSocket/SSE live activity event design","Authorized dashboard receives live activity update events."
Frontend: consume live activity push events,"Update Activities page to merge pushed activity events into the existing timeline graph.",To Do,Medium,3d,"activities,realtime,frontend","Backend: implement live activity push channel","Timeline grows live without waiting for full refetch."
QA: multi-org auth and access testing,"Test login, org switch, org creation, permissions, and cross-org denial cases.",To Do,Urgent,1d,"multi-org,qa","Frontend: add organization switcher to dashboard shell","Verified that users cannot access unauthorized organizations."
QA: combined timeline testing,"Test separate org timeline, combined timeline, company sorting, color labels, empty states, and date filters.",To Do,High,1d,"multi-org,activities,qa","Frontend: company color coding on timeline","Combined timeline works correctly for multiple companies."
QA: live Activities projector testing,"Test Activities page open for 30-60 minutes with no interaction and confirm data keeps updating.",To Do,High,1d,"activities,realtime,qa","Frontend: live mode indicator and controls","Timeline updates repeatedly without manual refresh or UI degradation."
Documentation: update AGENTS and local docs,"Document multi-org behavior, live Activities behavior, new APIs, and testing commands.",To Do,Medium,4h,"docs,ai-friendliness","QA: multi-org auth and access testing","Future AI/developers can understand the architecture and test flow."
Release: phased rollout and manager demo,"Prepare a staged rollout plan, demo script, known limitations, and rollback notes.",To Do,High,4h,"release,project-management","QA: live Activities projector testing","Manager can review separate org views, combined timeline, and live Activities behavior."
